[
  {
    "constant": true,
    "inputs": [],
    "name": "name",
    "outputs": [{ "name": "", "type": "string" }],
    "payable": false,
    "stateMutability": "view",
    "type": "function"
  },
  {
    "constant": true,
    "inputs": [],
    "name": "hasInitialized",
    "outputs": [{ "name": "", "type": "bool" }],
    "payable": false,
    "stateMutability": "view",
    "type": "function"
  },
  {
    "constant": false,
    "inputs": [
      { "name": "", "type": "address" },
      { "name": "", "type": "uint256" }
    ],
    "name": "approve",
    "outputs": [{ "name": "", "type": "bool" }],
    "payable": false,
    "stateMutability": "nonpayable",
    "type": "function"
  },
  {
    "constant": true,
    "inputs": [],
    "name": "totalSupply",
    "outputs": [{ "name": "", "type": "uint256" }],
    "payable": false,
    "stateMutability": "view",
    "type": "function"
  },
  {
    "constant": false,
    "inputs": [
      { "name": "", "type": "address" },
      { "name": "", "type": "address" },
      { "name": "", "type": "uint256" }
    ],
    "name": "transferFrom",
    "outputs": [{ "name": "", "type": "bool" }],
    "payable": false,
    "stateMutability": "nonpayable",
    "type": "function"
  },
  {
    "constant": true,
    "inputs": [{ "name": "_script", "type": "bytes" }],
    "name": "getEVMScriptExecutor",
    "outputs": [{ "name": "", "type": "address" }],
    "payable": false,
    "stateMutability": "view",
    "type": "function"
  },
  {
    "constant": false,
    "inputs": [{ "name": "_amount", "type": "uint256" }],
    "name": "withdraw",
    "outputs": [],
    "payable": false,
    "stateMutability": "nonpayable",
    "type": "function"
  },
  {
    "constant": true,
    "inputs": [],
    "name": "decimals",
    "outputs": [{ "name": "", "type": "uint8" }],
    "payable": false,
    "stateMutability": "view",
    "type": "function"
  },
  {
    "constant": true,
    "inputs": [],
    "name": "getRecoveryVault",
    "outputs": [{ "name": "", "type": "address" }],
    "payable": false,
    "stateMutability": "view",
    "type": "function"
  },
  {
    "constant": true,
    "inputs": [
      { "name": "_owner", "type": "address" },
      { "name": "_blockNumber", "type": "uint256" }
    ],
    "name": "balanceOfAt",
    "outputs": [{ "name": "", "type": "uint256" }],
    "payable": false,
    "stateMutability": "view",
    "type": "function"
  },
  {
    "constant": true,
    "inputs": [{ "name": "_owner", "type": "address" }],
    "name": "balanceOf",
    "outputs": [{ "name": "", "type": "uint256" }],
    "payable": false,
    "stateMutability": "view",
    "type": "function"
  },
  {
    "constant": true,
    "inputs": [{ "name": "token", "type": "address" }],
    "name": "allowRecoverability",
    "outputs": [{ "name": "", "type": "bool" }],
    "payable": false,
    "stateMutability": "view",
    "type": "function"
  },
  {
    "constant": true,
    "inputs": [],
    "name": "appId",
    "outputs": [{ "name": "", "type": "bytes32" }],
    "payable": false,
    "stateMutability": "view",
    "type": "function"
  },
  {
    "constant": true,
    "inputs": [],
    "name": "getInitializationBlock",
    "outputs": [{ "name": "", "type": "uint256" }],
    "payable": false,
    "stateMutability": "view",
    "type": "function"
  },
  {
    "constant": false,
    "inputs": [
      { "name": "_depositedToken", "type": "address" },
      { "name": "_name", "type": "string" },
      { "name": "_symbol", "type": "string" }
    ],
    "name": "initialize",
    "outputs": [],
    "payable": false,
    "stateMutability": "nonpayable",
    "type": "function"
  },
  {
    "constant": true,
    "inputs": [],
    "name": "symbol",
    "outputs": [{ "name": "", "type": "string" }],
    "payable": false,
    "stateMutability": "view",
    "type": "function"
  },
  {
    "constant": true,
    "inputs": [{ "name": "_blockNumber", "type": "uint256" }],
    "name": "totalSupplyAt",
    "outputs": [{ "name": "", "type": "uint256" }],
    "payable": false,
    "stateMutability": "view",
    "type": "function"
  },
  {
    "constant": false,
    "inputs": [{ "name": "_token", "type": "address" }],
    "name": "transferToVault",
    "outputs": [],
    "payable": false,
    "stateMutability": "nonpayable",
    "type": "function"
  },
  {
    "constant": true,
    "inputs": [
      { "name": "_sender", "type": "address" },
      { "name": "_role", "type": "bytes32" },
      { "name": "_params", "type": "uint256[]" }
    ],
    "name": "canPerform",
    "outputs": [{ "name": "", "type": "bool" }],
    "payable": false,
    "stateMutability": "view",
    "type": "function"
  },
  {
    "constant": true,
    "inputs": [],
    "name": "getEVMScriptRegistry",
    "outputs": [{ "name": "", "type": "address" }],
    "payable": false,
    "stateMutability": "view",
    "type": "function"
  },
  {
    "constant": false,
    "inputs": [
      { "name": "", "type": "address" },
      { "name": "", "type": "uint256" }
    ],
    "name": "transfer",
    "outputs": [{ "name": "", "type": "bool" }],
    "payable": false,
    "stateMutability": "nonpayable",
    "type": "function"
  },
  {
    "constant": false,
    "inputs": [{ "name": "_amount", "type": "uint256" }],
    "name": "deposit",
    "outputs": [],
    "payable": false,
    "stateMutability": "nonpayable",
    "type": "function"
  },
  {
    "constant": true,
    "inputs": [
      { "name": "_sender", "type": "address" },
      { "name": "", "type": "bytes" }
    ],
    "name": "canForward",
    "outputs": [{ "name": "", "type": "bool" }],
    "payable": false,
    "stateMutability": "view",
    "type": "function"
  },
  {
    "constant": true,
    "inputs": [],
    "name": "kernel",
    "outputs": [{ "name": "", "type": "address" }],
    "payable": false,
    "stateMutability": "view",
    "type": "function"
  },
  {
    "constant": false,
    "inputs": [{ "name": "_evmScript", "type": "bytes" }],
    "name": "forward",
    "outputs": [],
    "payable": false,
    "stateMutability": "nonpayable",
    "type": "function"
  },
  {
    "constant": true,
    "inputs": [],
    "name": "depositedToken",
    "outputs": [{ "name": "", "type": "address" }],
    "payable": false,
    "stateMutability": "view",
    "type": "function"
  },
  {
    "constant": true,
    "inputs": [
      { "name": "", "type": "address" },
      { "name": "", "type": "address" }
    ],
    "name": "allowance",
    "outputs": [{ "name": "", "type": "uint256" }],
    "payable": false,
    "stateMutability": "view",
    "type": "function"
  },
  {
    "constant": true,
    "inputs": [],
    "name": "isPetrified",
    "outputs": [{ "name": "", "type": "bool" }],
    "payable": false,
    "stateMutability": "view",
    "type": "function"
  },
  {
    "constant": true,
    "inputs": [],
    "name": "isForwarder",
    "outputs": [{ "name": "", "type": "bool" }],
    "payable": false,
    "stateMutability": "pure",
    "type": "function"
  },
  {
    "anonymous": false,
    "inputs": [
      { "indexed": true, "name": "entity", "type": "address" },
      { "indexed": false, "name": "amount", "type": "uint256" }
    ],
    "name": "Deposit",
    "type": "event"
  },
  {
    "anonymous": false,
    "inputs": [
      { "indexed": true, "name": "entity", "type": "address" },
      { "indexed": false, "name": "amount", "type": "uint256" }
    ],
    "name": "Withdrawal",
    "type": "event"
  },
  {
    "anonymous": false,
    "inputs": [
      { "indexed": true, "name": "executor", "type": "address" },
      { "indexed": false, "name": "script", "type": "bytes" },
      { "indexed": false, "name": "input", "type": "bytes" },
      { "indexed": false, "name": "returnData", "type": "bytes" }
    ],
    "name": "ScriptResult",
    "type": "event"
  },
  {
    "anonymous": false,
    "inputs": [
      { "indexed": true, "name": "vault", "type": "address" },
      { "indexed": true, "name": "token", "type": "address" },
      { "indexed": false, "name": "amount", "type": "uint256" }
    ],
    "name": "RecoverToVault",
    "type": "event"
  },
  {
    "anonymous": false,
    "inputs": [
      { "indexed": true, "name": "from", "type": "address" },
      { "indexed": true, "name": "to", "type": "address" },
      { "indexed": false, "name": "value", "type": "uint256" }
    ],
    "name": "Transfer",
    "type": "event"
  },
  {
    "anonymous": false,
    "inputs": [
      { "indexed": true, "name": "owner", "type": "address" },
      { "indexed": true, "name": "spender", "type": "address" },
      { "indexed": false, "name": "value", "type": "uint256" }
    ],
    "name": "Approval",
    "type": "event"
  }
]
