[
	{
		"inputs": [
			{
				"internalType": "address",
				"name": "_myToken",
				"type": "address"
			}
		],
		"stateMutability": "nonpayable",
		"type": "constructor"
	},
	{
		"anonymous": false,
		"inputs": [
			{
				"indexed": true,
				"internalType": "address",
				"name": "previousOwner",
				"type": "address"
			},
			{
				"indexed": true,
				"internalType": "address",
				"name": "newOwner",
				"type": "address"
			}
		],
		"name": "OwnershipTransferred",
		"type": "event"
	},
	{
		"anonymous": false,
		"inputs": [
			{
				"indexed": true,
				"internalType": "uint256",
				"name": "votingId",
				"type": "uint256"
			},
			{
				"indexed": false,
				"internalType": "address",
				"name": "voter",
				"type": "address"
			},
			{
				"indexed": false,
				"internalType": "enum Voting.VoteStatus",
				"name": "status",
				"type": "uint8"
			},
			{
				"indexed": false,
				"internalType": "uint256",
				"name": "voteWeight",
				"type": "uint256"
			}
		],
		"name": "VotePlaced",
		"type": "event"
	},
	{
		"anonymous": false,
		"inputs": [
			{
				"indexed": true,
				"internalType": "uint256",
				"name": "votingId",
				"type": "uint256"
			},
			{
				"indexed": false,
				"internalType": "enum Voting.VotingResult",
				"name": "result",
				"type": "uint8"
			}
		],
		"name": "VotingExecuted",
		"type": "event"
	},
	{
		"anonymous": false,
		"inputs": [
			{
				"indexed": true,
				"internalType": "uint256",
				"name": "votingId",
				"type": "uint256"
			},
			{
				"indexed": false,
				"internalType": "uint256",
				"name": "startedtime",
				"type": "uint256"
			}
		],
		"name": "VotingStarted",
		"type": "event"
	},
	{
		"inputs": [
			{
				"internalType": "uint256",
				"name": "votingId",
				"type": "uint256"
			}
		],
		"name": "executeVoting",
		"outputs": [],
		"stateMutability": "nonpayable",
		"type": "function"
	},
	{
		"inputs": [
			{
				"internalType": "uint256",
				"name": "votingId",
				"type": "uint256"
			},
			{
				"internalType": "address",
				"name": "voter",
				"type": "address"
			}
		],
		"name": "getVoteOf",
		"outputs": [
			{
				"internalType": "enum Voting.VoteStatus",
				"name": "",
				"type": "uint8"
			}
		],
		"stateMutability": "view",
		"type": "function"
	},
	{
		"inputs": [
			{
				"internalType": "uint256",
				"name": "votingId",
				"type": "uint256"
			}
		],
		"name": "getVoting",
		"outputs": [
			{
				"internalType": "uint256",
				"name": "createdAt",
				"type": "uint256"
			},
			{
				"internalType": "uint256",
				"name": "duration",
				"type": "uint256"
			},
			{
				"internalType": "string",
				"name": "description",
				"type": "string"
			},
			{
				"internalType": "bool",
				"name": "executed",
				"type": "bool"
			},
			{
				"internalType": "uint256",
				"name": "totalAccepted",
				"type": "uint256"
			},
			{
				"internalType": "uint256",
				"name": "totalRejected",
				"type": "uint256"
			}
		],
		"stateMutability": "view",
		"type": "function"
	},
	{
		"inputs": [
			{
				"internalType": "uint256",
				"name": "votingNumber",
				"type": "uint256"
			}
		],
		"name": "getvotedAddress",
		"outputs": [
			{
				"components": [
					{
						"internalType": "address",
						"name": "votedAdress",
						"type": "address"
					},
					{
						"internalType": "enum Voting.VoteStatus",
						"name": "status",
						"type": "uint8"
					}
				],
				"internalType": "struct Voting.VotedAccounts[]",
				"name": "",
				"type": "tuple[]"
			}
		],
		"stateMutability": "view",
		"type": "function"
	},
	{
		"inputs": [],
		"name": "owner",
		"outputs": [
			{
				"internalType": "address",
				"name": "",
				"type": "address"
			}
		],
		"stateMutability": "view",
		"type": "function"
	},
	{
		"inputs": [],
		"name": "renounceOwnership",
		"outputs": [],
		"stateMutability": "nonpayable",
		"type": "function"
	},
	{
		"inputs": [
			{
				"internalType": "uint256",
				"name": "num",
				"type": "uint256"
			}
		],
		"name": "setExecutingpercentage",
		"outputs": [],
		"stateMutability": "nonpayable",
		"type": "function"
	},
	{
		"inputs": [
			{
				"internalType": "uint256",
				"name": "duration",
				"type": "uint256"
			},
			{
				"internalType": "string",
				"name": "description",
				"type": "string"
			}
		],
		"name": "startVoting",
		"outputs": [],
		"stateMutability": "nonpayable",
		"type": "function"
	},
	{
		"inputs": [
			{
				"internalType": "address",
				"name": "newOwner",
				"type": "address"
			}
		],
		"name": "transferOwnership",
		"outputs": [],
		"stateMutability": "nonpayable",
		"type": "function"
	},
	{
		"inputs": [
			{
				"internalType": "uint256",
				"name": "votingId",
				"type": "uint256"
			},
			{
				"internalType": "enum Voting.VoteStatus",
				"name": "status",
				"type": "uint8"
			}
		],
		"name": "vote",
		"outputs": [],
		"stateMutability": "nonpayable",
		"type": "function"
	},
	{
		"inputs": [
			{
				"internalType": "uint256",
				"name": "",
				"type": "uint256"
			},
			{
				"internalType": "uint256",
				"name": "",
				"type": "uint256"
			}
		],
		"name": "votedAddress",
		"outputs": [
			{
				"internalType": "address",
				"name": "votedAdress",
				"type": "address"
			},
			{
				"internalType": "enum Voting.VoteStatus",
				"name": "status",
				"type": "uint8"
			}
		],
		"stateMutability": "view",
		"type": "function"
	}
]