{
  "_format": "hh-sol-cache-2",
  "files": {
    "E:\\Project\\Punk smart contract\\contracts\\ERC721EnumerableUpgradeable.sol": {
      "lastModificationDate": 1642940394150,
      "contentHash": "c7cdf8472a58c4aeec82dd1dee77d387",
      "sourceName": "contracts/ERC721EnumerableUpgradeable.sol",
      "solcConfig": {
        "version": "0.8.7",
        "settings": {
          "optimizer": {
            "enabled": true,
            "runs": 200,
            "details": {
              "yul": true,
              "yulDetails": {
                "stackAllocation": true,
                "optimizerSteps": "dhfoDgvulfnTUtnIf"
              }
            }
          },
          "outputSelection": {
            "*": {
              "*": [
                "abi",
                "evm.bytecode",
                "evm.deployedBytecode",
                "evm.methodIdentifiers",
                "metadata"
              ],
              "": [
                "ast"
              ]
            }
          }
        }
      },
      "imports": [
        "@openzeppelin/contracts-upgradeable/token/ERC721/ERC721Upgradeable.sol",
        "@openzeppelin/contracts-upgradeable/token/ERC721/extensions/IERC721EnumerableUpgradeable.sol",
        "@openzeppelin/contracts-upgradeable/proxy/utils/Initializable.sol",
        "@openzeppelin/contracts-upgradeable/utils/AddressUpgradeable.sol"
      ],
      "versionPragmas": [
        "^0.8.0"
      ],
      "artifacts": [
        "ERC721EnumerableUpgradeable"
      ]
    },
    "E:\\Project\\Punk smart contract\\node_modules\\@openzeppelin\\contracts-upgradeable\\token\\ERC721\\ERC721Upgradeable.sol": {
      "lastModificationDate": 1643776527753,
      "contentHash": "8b91f7be7966612f91e4f26818bd238c",
      "sourceName": "@openzeppelin/contracts-upgradeable/token/ERC721/ERC721Upgradeable.sol",
      "solcConfig": {
        "version": "0.8.7",
        "settings": {
          "optimizer": {
            "enabled": true,
            "runs": 200,
            "details": {
              "yul": true,
              "yulDetails": {
                "stackAllocation": true,
                "optimizerSteps": "dhfoDgvulfnTUtnIf"
              }
            }
          },
          "outputSelection": {
            "*": {
              "*": [
                "abi",
                "evm.bytecode",
                "evm.deployedBytecode",
                "evm.methodIdentifiers",
                "metadata"
              ],
              "": [
                "ast"
              ]
            }
          }
        }
      },
      "imports": [
        "./IERC721Upgradeable.sol",
        "./IERC721ReceiverUpgradeable.sol",
        "./extensions/IERC721MetadataUpgradeable.sol",
        "../../utils/AddressUpgradeable.sol",
        "../../utils/ContextUpgradeable.sol",
        "../../utils/StringsUpgradeable.sol",
        "../../utils/introspection/ERC165Upgradeable.sol",
        "../../proxy/utils/Initializable.sol"
      ],
      "versionPragmas": [
        "^0.8.0"
      ],
      "artifacts": [
        "ERC721Upgradeable"
      ]
    },
    "E:\\Project\\Punk smart contract\\node_modules\\@openzeppelin\\contracts-upgradeable\\token\\ERC721\\extensions\\IERC721EnumerableUpgradeable.sol": {
      "lastModificationDate": 1643768502340,
      "contentHash": "57907d1199500df24c081d022caf45ff",
      "sourceName": "@openzeppelin/contracts-upgradeable/token/ERC721/extensions/IERC721EnumerableUpgradeable.sol",
      "solcConfig": {
        "version": "0.8.7",
        "settings": {
          "optimizer": {
            "enabled": true,
            "runs": 200,
            "details": {
              "yul": true,
              "yulDetails": {
                "stackAllocation": true,
                "optimizerSteps": "dhfoDgvulfnTUtnIf"
              }
            }
          },
          "outputSelection": {
            "*": {
              "*": [
                "abi",
                "evm.bytecode",
                "evm.deployedBytecode",
                "evm.methodIdentifiers",
                "metadata"
              ],
              "": [
                "ast"
              ]
            }
          }
        }
      },
      "imports": [
        "../IERC721Upgradeable.sol"
      ],
      "versionPragmas": [
        "^0.8.0"
      ],
      "artifacts": [
        "IERC721EnumerableUpgradeable"
      ]
    },
    "E:\\Project\\Punk smart contract\\node_modules\\@openzeppelin\\contracts-upgradeable\\proxy\\utils\\Initializable.sol": {
      "lastModificationDate": 1643768503957,
      "contentHash": "5794bf69c8a9e3f669b107e773226716",
      "sourceName": "@openzeppelin/contracts-upgradeable/proxy/utils/Initializable.sol",
      "solcConfig": {
        "version": "0.8.7",
        "settings": {
          "optimizer": {
            "enabled": true,
            "runs": 200,
            "details": {
              "yul": true,
              "yulDetails": {
                "stackAllocation": true,
                "optimizerSteps": "dhfoDgvulfnTUtnIf"
              }
            }
          },
          "outputSelection": {
            "*": {
              "*": [
                "abi",
                "evm.bytecode",
                "evm.deployedBytecode",
                "evm.methodIdentifiers",
                "metadata"
              ],
              "": [
                "ast"
              ]
            }
          }
        }
      },
      "imports": [
        "../../utils/AddressUpgradeable.sol"
      ],
      "versionPragmas": [
        "^0.8.0"
      ],
      "artifacts": [
        "Initializable"
      ]
    },
    "E:\\Project\\Punk smart contract\\node_modules\\@openzeppelin\\contracts-upgradeable\\utils\\AddressUpgradeable.sol": {
      "lastModificationDate": 1643768483395,
      "contentHash": "55b302649ec6d2886b1a017576fe887d",
      "sourceName": "@openzeppelin/contracts-upgradeable/utils/AddressUpgradeable.sol",
      "solcConfig": {
        "version": "0.8.7",
        "settings": {
          "optimizer": {
            "enabled": true,
            "runs": 200,
            "details": {
              "yul": true,
              "yulDetails": {
                "stackAllocation": true,
                "optimizerSteps": "dhfoDgvulfnTUtnIf"
              }
            }
          },
          "outputSelection": {
            "*": {
              "*": [
                "abi",
                "evm.bytecode",
                "evm.deployedBytecode",
                "evm.methodIdentifiers",
                "metadata"
              ],
              "": [
                "ast"
              ]
            }
          }
        }
      },
      "imports": [],
      "versionPragmas": [
        "^0.8.0"
      ],
      "artifacts": [
        "AddressUpgradeable"
      ]
    },
    "E:\\Project\\Punk smart contract\\node_modules\\@openzeppelin\\contracts-upgradeable\\token\\ERC721\\IERC721Upgradeable.sol": {
      "lastModificationDate": 1643768502900,
      "contentHash": "3bea986b69e509a8d978ab2502a8bf2e",
      "sourceName": "@openzeppelin/contracts-upgradeable/token/ERC721/IERC721Upgradeable.sol",
      "solcConfig": {
        "version": "0.8.7",
        "settings": {
          "optimizer": {
            "enabled": true,
            "runs": 200,
            "details": {
              "yul": true,
              "yulDetails": {
                "stackAllocation": true,
                "optimizerSteps": "dhfoDgvulfnTUtnIf"
              }
            }
          },
          "outputSelection": {
            "*": {
              "*": [
                "abi",
                "evm.bytecode",
                "evm.deployedBytecode",
                "evm.methodIdentifiers",
                "metadata"
              ],
              "": [
                "ast"
              ]
            }
          }
        }
      },
      "imports": [
        "../../utils/introspection/IERC165Upgradeable.sol"
      ],
      "versionPragmas": [
        "^0.8.0"
      ],
      "artifacts": [
        "IERC721Upgradeable"
      ]
    },
    "E:\\Project\\Punk smart contract\\node_modules\\@openzeppelin\\contracts-upgradeable\\token\\ERC721\\IERC721ReceiverUpgradeable.sol": {
      "lastModificationDate": 1643768502852,
      "contentHash": "60093f8f135a0646b7193788efa26af3",
      "sourceName": "@openzeppelin/contracts-upgradeable/token/ERC721/IERC721ReceiverUpgradeable.sol",
      "solcConfig": {
        "version": "0.8.7",
        "settings": {
          "optimizer": {
            "enabled": true,
            "runs": 200,
            "details": {
              "yul": true,
              "yulDetails": {
                "stackAllocation": true,
                "optimizerSteps": "dhfoDgvulfnTUtnIf"
              }
            }
          },
          "outputSelection": {
            "*": {
              "*": [
                "abi",
                "evm.bytecode",
                "evm.deployedBytecode",
                "evm.methodIdentifiers",
                "metadata"
              ],
              "": [
                "ast"
              ]
            }
          }
        }
      },
      "imports": [],
      "versionPragmas": [
        "^0.8.0"
      ],
      "artifacts": [
        "IERC721ReceiverUpgradeable"
      ]
    },
    "E:\\Project\\Punk smart contract\\node_modules\\@openzeppelin\\contracts-upgradeable\\token\\ERC721\\extensions\\IERC721MetadataUpgradeable.sol": {
      "lastModificationDate": 1643768502393,
      "contentHash": "76212ca0265501d1eb3dd1175e6afca4",
      "sourceName": "@openzeppelin/contracts-upgradeable/token/ERC721/extensions/IERC721MetadataUpgradeable.sol",
      "solcConfig": {
        "version": "0.8.7",
        "settings": {
          "optimizer": {
            "enabled": true,
            "runs": 200,
            "details": {
              "yul": true,
              "yulDetails": {
                "stackAllocation": true,
                "optimizerSteps": "dhfoDgvulfnTUtnIf"
              }
            }
          },
          "outputSelection": {
            "*": {
              "*": [
                "abi",
                "evm.bytecode",
                "evm.deployedBytecode",
                "evm.methodIdentifiers",
                "metadata"
              ],
              "": [
                "ast"
              ]
            }
          }
        }
      },
      "imports": [
        "../IERC721Upgradeable.sol"
      ],
      "versionPragmas": [
        "^0.8.0"
      ],
      "artifacts": [
        "IERC721MetadataUpgradeable"
      ]
    },
    "E:\\Project\\Punk smart contract\\node_modules\\@openzeppelin\\contracts-upgradeable\\utils\\ContextUpgradeable.sol": {
      "lastModificationDate": 1643768484835,
      "contentHash": "f6ab00c776fdf19b4fa9ba0309b0218c",
      "sourceName": "@openzeppelin/contracts-upgradeable/utils/ContextUpgradeable.sol",
      "solcConfig": {
        "version": "0.8.7",
        "settings": {
          "optimizer": {
            "enabled": true,
            "runs": 200,
            "details": {
              "yul": true,
              "yulDetails": {
                "stackAllocation": true,
                "optimizerSteps": "dhfoDgvulfnTUtnIf"
              }
            }
          },
          "outputSelection": {
            "*": {
              "*": [
                "abi",
                "evm.bytecode",
                "evm.deployedBytecode",
                "evm.methodIdentifiers",
                "metadata"
              ],
              "": [
                "ast"
              ]
            }
          }
        }
      },
      "imports": [
        "../proxy/utils/Initializable.sol"
      ],
      "versionPragmas": [
        "^0.8.0"
      ],
      "artifacts": [
        "ContextUpgradeable"
      ]
    },
    "E:\\Project\\Punk smart contract\\node_modules\\@openzeppelin\\contracts-upgradeable\\utils\\StringsUpgradeable.sol": {
      "lastModificationDate": 1643768505560,
      "contentHash": "f60b5fcbc57911b0fbc7a31a110f90bc",
      "sourceName": "@openzeppelin/contracts-upgradeable/utils/StringsUpgradeable.sol",
      "solcConfig": {
        "version": "0.8.7",
        "settings": {
          "optimizer": {
            "enabled": true,
            "runs": 200,
            "details": {
              "yul": true,
              "yulDetails": {
                "stackAllocation": true,
                "optimizerSteps": "dhfoDgvulfnTUtnIf"
              }
            }
          },
          "outputSelection": {
            "*": {
              "*": [
                "abi",
                "evm.bytecode",
                "evm.deployedBytecode",
                "evm.methodIdentifiers",
                "metadata"
              ],
              "": [
                "ast"
              ]
            }
          }
        }
      },
      "imports": [],
      "versionPragmas": [
        "^0.8.0"
      ],
      "artifacts": [
        "StringsUpgradeable"
      ]
    },
    "E:\\Project\\Punk smart contract\\node_modules\\@openzeppelin\\contracts-upgradeable\\utils\\introspection\\ERC165Upgradeable.sol": {
      "lastModificationDate": 1643768490989,
      "contentHash": "a71370fa2c90b44922da1995bdf95e2a",
      "sourceName": "@openzeppelin/contracts-upgradeable/utils/introspection/ERC165Upgradeable.sol",
      "solcConfig": {
        "version": "0.8.7",
        "settings": {
          "optimizer": {
            "enabled": true,
            "runs": 200,
            "details": {
              "yul": true,
              "yulDetails": {
                "stackAllocation": true,
                "optimizerSteps": "dhfoDgvulfnTUtnIf"
              }
            }
          },
          "outputSelection": {
            "*": {
              "*": [
                "abi",
                "evm.bytecode",
                "evm.deployedBytecode",
                "evm.methodIdentifiers",
                "metadata"
              ],
              "": [
                "ast"
              ]
            }
          }
        }
      },
      "imports": [
        "./IERC165Upgradeable.sol",
        "../../proxy/utils/Initializable.sol"
      ],
      "versionPragmas": [
        "^0.8.0"
      ],
      "artifacts": [
        "ERC165Upgradeable"
      ]
    },
    "E:\\Project\\Punk smart contract\\node_modules\\@openzeppelin\\contracts-upgradeable\\utils\\introspection\\IERC165Upgradeable.sol": {
      "lastModificationDate": 1643768501205,
      "contentHash": "d6ecf203a5e72c845be9bbf2f304a289",
      "sourceName": "@openzeppelin/contracts-upgradeable/utils/introspection/IERC165Upgradeable.sol",
      "solcConfig": {
        "version": "0.8.7",
        "settings": {
          "optimizer": {
            "enabled": true,
            "runs": 200,
            "details": {
              "yul": true,
              "yulDetails": {
                "stackAllocation": true,
                "optimizerSteps": "dhfoDgvulfnTUtnIf"
              }
            }
          },
          "outputSelection": {
            "*": {
              "*": [
                "abi",
                "evm.bytecode",
                "evm.deployedBytecode",
                "evm.methodIdentifiers",
                "metadata"
              ],
              "": [
                "ast"
              ]
            }
          }
        }
      },
      "imports": [],
      "versionPragmas": [
        "^0.8.0"
      ],
      "artifacts": [
        "IERC165Upgradeable"
      ]
    },
    "E:\\Project\\Punk smart contract\\node_modules\\@openzeppelin\\contracts-upgradeable\\utils\\structs\\EnumerableSetUpgradeable.sol": {
      "lastModificationDate": 1643768488319,
      "contentHash": "6e4c681364853399231dd17adeedaef9",
      "sourceName": "@openzeppelin/contracts-upgradeable/utils/structs/EnumerableSetUpgradeable.sol",
      "solcConfig": {
        "version": "0.8.7",
        "settings": {
          "optimizer": {
            "enabled": true,
            "runs": 200,
            "details": {
              "yul": true,
              "yulDetails": {
                "stackAllocation": true,
                "optimizerSteps": "dhfoDgvulfnTUtnIf"
              }
            }
          },
          "outputSelection": {
            "*": {
              "*": [
                "abi",
                "evm.bytecode",
                "evm.deployedBytecode",
                "evm.methodIdentifiers",
                "metadata"
              ],
              "": [
                "ast"
              ]
            }
          }
        }
      },
      "imports": [],
      "versionPragmas": [
        "^0.8.0"
      ],
      "artifacts": [
        "EnumerableSetUpgradeable"
      ]
    },
    "E:\\Project\\Punk smart contract\\node_modules\\@openzeppelin\\contracts-upgradeable\\security\\ReentrancyGuardUpgradeable.sol": {
      "lastModificationDate": 1643768504839,
      "contentHash": "2436dad8e2272a29f7fccfae4507870b",
      "sourceName": "@openzeppelin/contracts-upgradeable/security/ReentrancyGuardUpgradeable.sol",
      "solcConfig": {
        "version": "0.8.7",
        "settings": {
          "optimizer": {
            "enabled": true,
            "runs": 200,
            "details": {
              "yul": true,
              "yulDetails": {
                "stackAllocation": true,
                "optimizerSteps": "dhfoDgvulfnTUtnIf"
              }
            }
          },
          "outputSelection": {
            "*": {
              "*": [
                "abi",
                "evm.bytecode",
                "evm.deployedBytecode",
                "evm.methodIdentifiers",
                "metadata"
              ],
              "": [
                "ast"
              ]
            }
          }
        }
      },
      "imports": [
        "../proxy/utils/Initializable.sol"
      ],
      "versionPragmas": [
        "^0.8.0"
      ],
      "artifacts": [
        "ReentrancyGuardUpgradeable"
      ]
    },
    "E:\\Project\\Punk smart contract\\node_modules\\@openzeppelin\\contracts-upgradeable\\security\\PausableUpgradeable.sol": {
      "lastModificationDate": 1643768504744,
      "contentHash": "56eb710f3dbdaf143774cec1e8bab998",
      "sourceName": "@openzeppelin/contracts-upgradeable/security/PausableUpgradeable.sol",
      "solcConfig": {
        "version": "0.8.7",
        "settings": {
          "optimizer": {
            "enabled": true,
            "runs": 200,
            "details": {
              "yul": true,
              "yulDetails": {
                "stackAllocation": true,
                "optimizerSteps": "dhfoDgvulfnTUtnIf"
              }
            }
          },
          "outputSelection": {
            "*": {
              "*": [
                "abi",
                "evm.bytecode",
                "evm.deployedBytecode",
                "evm.methodIdentifiers",
                "metadata"
              ],
              "": [
                "ast"
              ]
            }
          }
        }
      },
      "imports": [
        "../utils/ContextUpgradeable.sol",
        "../proxy/utils/Initializable.sol"
      ],
      "versionPragmas": [
        "^0.8.0"
      ],
      "artifacts": [
        "PausableUpgradeable"
      ]
    },
    "E:\\Project\\Punk smart contract\\node_modules\\@openzeppelin\\contracts-upgradeable\\access\\OwnableUpgradeable.sol": {
      "lastModificationDate": 1643768504706,
      "contentHash": "cf6aabe70ba1e832bfd230a0bca4a90a",
      "sourceName": "@openzeppelin/contracts-upgradeable/access/OwnableUpgradeable.sol",
      "solcConfig": {
        "version": "0.8.7",
        "settings": {
          "optimizer": {
            "enabled": true,
            "runs": 200,
            "details": {
              "yul": true,
              "yulDetails": {
                "stackAllocation": true,
                "optimizerSteps": "dhfoDgvulfnTUtnIf"
              }
            }
          },
          "outputSelection": {
            "*": {
              "*": [
                "abi",
                "evm.bytecode",
                "evm.deployedBytecode",
                "evm.methodIdentifiers",
                "metadata"
              ],
              "": [
                "ast"
              ]
            }
          }
        }
      },
      "imports": [
        "../utils/ContextUpgradeable.sol",
        "../proxy/utils/Initializable.sol"
      ],
      "versionPragmas": [
        "^0.8.0"
      ],
      "artifacts": [
        "OwnableUpgradeable"
      ]
    },
    "E:\\Project\\Punk smart contract\\node_modules\\@openzeppelin\\contracts-upgradeable\\token\\ERC20\\utils\\SafeERC20Upgradeable.sol": {
      "lastModificationDate": 1643768505086,
      "contentHash": "069940552da74793ab16791ffa99c013",
      "sourceName": "@openzeppelin/contracts-upgradeable/token/ERC20/utils/SafeERC20Upgradeable.sol",
      "solcConfig": {
        "version": "0.8.7",
        "settings": {
          "optimizer": {
            "enabled": true,
            "runs": 200,
            "details": {
              "yul": true,
              "yulDetails": {
                "stackAllocation": true,
                "optimizerSteps": "dhfoDgvulfnTUtnIf"
              }
            }
          },
          "outputSelection": {
            "*": {
              "*": [
                "abi",
                "evm.bytecode",
                "evm.deployedBytecode",
                "evm.methodIdentifiers",
                "metadata"
              ],
              "": [
                "ast"
              ]
            }
          }
        }
      },
      "imports": [
        "../IERC20Upgradeable.sol",
        "../../../utils/AddressUpgradeable.sol"
      ],
      "versionPragmas": [
        "^0.8.0"
      ],
      "artifacts": [
        "SafeERC20Upgradeable"
      ]
    },
    "E:\\Project\\Punk smart contract\\node_modules\\@openzeppelin\\contracts-upgradeable\\token\\ERC20\\IERC20Upgradeable.sol": {
      "lastModificationDate": 1643768502105,
      "contentHash": "bda89765db83a5005510c8c2b1598731",
      "sourceName": "@openzeppelin/contracts-upgradeable/token/ERC20/IERC20Upgradeable.sol",
      "solcConfig": {
        "version": "0.8.7",
        "settings": {
          "optimizer": {
            "enabled": true,
            "runs": 200,
            "details": {
              "yul": true,
              "yulDetails": {
                "stackAllocation": true,
                "optimizerSteps": "dhfoDgvulfnTUtnIf"
              }
            }
          },
          "outputSelection": {
            "*": {
              "*": [
                "abi",
                "evm.bytecode",
                "evm.deployedBytecode",
                "evm.methodIdentifiers",
                "metadata"
              ],
              "": [
                "ast"
              ]
            }
          }
        }
      },
      "imports": [],
      "versionPragmas": [
        "^0.8.0"
      ],
      "artifacts": [
        "IERC20Upgradeable"
      ]
    },
    "E:\\Project\\Punk smart contract\\contracts\\SafeERC20Upgradeable.sol": {
      "lastModificationDate": 1643333783905,
      "contentHash": "9f7d2b45860f82913f76a6a9c3f86410",
      "sourceName": "contracts/SafeERC20Upgradeable.sol",
      "solcConfig": {
        "version": "0.8.7",
        "settings": {
          "optimizer": {
            "enabled": true,
            "runs": 200,
            "details": {
              "yul": true,
              "yulDetails": {
                "stackAllocation": true,
                "optimizerSteps": "dhfoDgvulfnTUtnIf"
              }
            }
          },
          "outputSelection": {
            "*": {
              "*": [
                "abi",
                "evm.bytecode",
                "evm.deployedBytecode",
                "evm.methodIdentifiers",
                "metadata"
              ],
              "": [
                "ast"
              ]
            }
          }
        }
      },
      "imports": [
        "@openzeppelin/contracts-upgradeable/token/ERC20/IERC20Upgradeable.sol",
        "@openzeppelin/contracts-upgradeable/utils/AddressUpgradeable.sol"
      ],
      "versionPragmas": [
        "^0.8.0"
      ],
      "artifacts": [
        "SafeERC20Upgradeable"
      ]
    },
    "E:\\Project\\Punk smart contract\\contracts\\MTVPunks.sol": {
      "lastModificationDate": 1644464780973,
      "contentHash": "7eb0bbb90597f50521cc04eebf2becc3",
      "sourceName": "contracts/MTVPunks.sol",
      "solcConfig": {
        "version": "0.8.7",
        "settings": {
          "optimizer": {
            "enabled": true,
            "runs": 200,
            "details": {
              "yul": true,
              "yulDetails": {
                "stackAllocation": true,
                "optimizerSteps": "dhfoDgvulfnTUtnIf"
              }
            }
          },
          "outputSelection": {
            "*": {
              "*": [
                "abi",
                "evm.bytecode",
                "evm.deployedBytecode",
                "evm.methodIdentifiers",
                "metadata"
              ],
              "": [
                "ast"
              ]
            }
          }
        }
      },
      "imports": [
        "@openzeppelin/contracts/access/Ownable.sol",
        "@openzeppelin/contracts/security/Pausable.sol",
        "@openzeppelin/contracts/token/ERC721/ERC721.sol",
        "@openzeppelin/contracts/token/ERC721/extensions/ERC721Enumerable.sol"
      ],
      "versionPragmas": [
        "^0.8.7"
      ],
      "artifacts": [
        "MTVPunks"
      ]
    },
    "E:\\Project\\Punk smart contract\\node_modules\\@openzeppelin\\contracts\\access\\Ownable.sol": {
      "lastModificationDate": 1644280747729,
      "contentHash": "8398972af73b4e9e5ff3b31cad86234f",
      "sourceName": "@openzeppelin/contracts/access/Ownable.sol",
      "solcConfig": {
        "version": "0.8.7",
        "settings": {
          "optimizer": {
            "enabled": true,
            "runs": 200,
            "details": {
              "yul": true,
              "yulDetails": {
                "stackAllocation": true,
                "optimizerSteps": "dhfoDgvulfnTUtnIf"
              }
            }
          },
          "outputSelection": {
            "*": {
              "*": [
                "abi",
                "evm.bytecode",
                "evm.deployedBytecode",
                "evm.methodIdentifiers",
                "metadata"
              ],
              "": [
                "ast"
              ]
            }
          }
        }
      },
      "imports": [
        "../utils/Context.sol"
      ],
      "versionPragmas": [
        "^0.8.0"
      ],
      "artifacts": [
        "Ownable"
      ]
    },
    "E:\\Project\\Punk smart contract\\node_modules\\@openzeppelin\\contracts\\security\\Pausable.sol": {
      "lastModificationDate": 1644280747739,
      "contentHash": "9c2dccab8e3a43a18c41e358763fe4d8",
      "sourceName": "@openzeppelin/contracts/security/Pausable.sol",
      "solcConfig": {
        "version": "0.8.7",
        "settings": {
          "optimizer": {
            "enabled": true,
            "runs": 200,
            "details": {
              "yul": true,
              "yulDetails": {
                "stackAllocation": true,
                "optimizerSteps": "dhfoDgvulfnTUtnIf"
              }
            }
          },
          "outputSelection": {
            "*": {
              "*": [
                "abi",
                "evm.bytecode",
                "evm.deployedBytecode",
                "evm.methodIdentifiers",
                "metadata"
              ],
              "": [
                "ast"
              ]
            }
          }
        }
      },
      "imports": [
        "../utils/Context.sol"
      ],
      "versionPragmas": [
        "^0.8.0"
      ],
      "artifacts": [
        "Pausable"
      ]
    },
    "E:\\Project\\Punk smart contract\\node_modules\\@openzeppelin\\contracts\\token\\ERC721\\ERC721.sol": {
      "lastModificationDate": 1644280747295,
      "contentHash": "ead7082e39cf31875ff89b22f473500d",
      "sourceName": "@openzeppelin/contracts/token/ERC721/ERC721.sol",
      "solcConfig": {
        "version": "0.8.7",
        "settings": {
          "optimizer": {
            "enabled": true,
            "runs": 200,
            "details": {
              "yul": true,
              "yulDetails": {
                "stackAllocation": true,
                "optimizerSteps": "dhfoDgvulfnTUtnIf"
              }
            }
          },
          "outputSelection": {
            "*": {
              "*": [
                "abi",
                "evm.bytecode",
                "evm.deployedBytecode",
                "evm.methodIdentifiers",
                "metadata"
              ],
              "": [
                "ast"
              ]
            }
          }
        }
      },
      "imports": [
        "./IERC721.sol",
        "./IERC721Receiver.sol",
        "./extensions/IERC721Metadata.sol",
        "../../utils/Address.sol",
        "../../utils/Context.sol",
        "../../utils/Strings.sol",
        "../../utils/introspection/ERC165.sol"
      ],
      "versionPragmas": [
        "^0.8.0"
      ],
      "artifacts": [
        "ERC721"
      ]
    },
    "E:\\Project\\Punk smart contract\\node_modules\\@openzeppelin\\contracts\\utils\\Context.sol": {
      "lastModificationDate": 1644280747094,
      "contentHash": "5f2c5c4b6af2dd4551027144797bc8be",
      "sourceName": "@openzeppelin/contracts/utils/Context.sol",
      "solcConfig": {
        "version": "0.8.7",
        "settings": {
          "optimizer": {
            "enabled": true,
            "runs": 200,
            "details": {
              "yul": true,
              "yulDetails": {
                "stackAllocation": true,
                "optimizerSteps": "dhfoDgvulfnTUtnIf"
              }
            }
          },
          "outputSelection": {
            "*": {
              "*": [
                "abi",
                "evm.bytecode",
                "evm.deployedBytecode",
                "evm.methodIdentifiers",
                "metadata"
              ],
              "": [
                "ast"
              ]
            }
          }
        }
      },
      "imports": [],
      "versionPragmas": [
        "^0.8.0"
      ],
      "artifacts": [
        "Context"
      ]
    },
    "E:\\Project\\Punk smart contract\\node_modules\\@openzeppelin\\contracts\\token\\ERC721\\IERC721.sol": {
      "lastModificationDate": 1644280747656,
      "contentHash": "27d219ec6f69478d065fdbfa7931da68",
      "sourceName": "@openzeppelin/contracts/token/ERC721/IERC721.sol",
      "solcConfig": {
        "version": "0.8.7",
        "settings": {
          "optimizer": {
            "enabled": true,
            "runs": 200,
            "details": {
              "yul": true,
              "yulDetails": {
                "stackAllocation": true,
                "optimizerSteps": "dhfoDgvulfnTUtnIf"
              }
            }
          },
          "outputSelection": {
            "*": {
              "*": [
                "abi",
                "evm.bytecode",
                "evm.deployedBytecode",
                "evm.methodIdentifiers",
                "metadata"
              ],
              "": [
                "ast"
              ]
            }
          }
        }
      },
      "imports": [
        "../../utils/introspection/IERC165.sol"
      ],
      "versionPragmas": [
        "^0.8.0"
      ],
      "artifacts": [
        "IERC721"
      ]
    },
    "E:\\Project\\Punk smart contract\\node_modules\\@openzeppelin\\contracts\\token\\ERC721\\IERC721Receiver.sol": {
      "lastModificationDate": 1644280747671,
      "contentHash": "592df588492d45fdcf46b3cb608c0fbf",
      "sourceName": "@openzeppelin/contracts/token/ERC721/IERC721Receiver.sol",
      "solcConfig": {
        "version": "0.8.7",
        "settings": {
          "optimizer": {
            "enabled": true,
            "runs": 200,
            "details": {
              "yul": true,
              "yulDetails": {
                "stackAllocation": true,
                "optimizerSteps": "dhfoDgvulfnTUtnIf"
              }
            }
          },
          "outputSelection": {
            "*": {
              "*": [
                "abi",
                "evm.bytecode",
                "evm.deployedBytecode",
                "evm.methodIdentifiers",
                "metadata"
              ],
              "": [
                "ast"
              ]
            }
          }
        }
      },
      "imports": [],
      "versionPragmas": [
        "^0.8.0"
      ],
      "artifacts": [
        "IERC721Receiver"
      ]
    },
    "E:\\Project\\Punk smart contract\\node_modules\\@openzeppelin\\contracts\\token\\ERC721\\extensions\\IERC721Metadata.sol": {
      "lastModificationDate": 1644280747665,
      "contentHash": "efbc0d15b80a74e34dbe8da0f3e879bb",
      "sourceName": "@openzeppelin/contracts/token/ERC721/extensions/IERC721Metadata.sol",
      "solcConfig": {
        "version": "0.8.7",
        "settings": {
          "optimizer": {
            "enabled": true,
            "runs": 200,
            "details": {
              "yul": true,
              "yulDetails": {
                "stackAllocation": true,
                "optimizerSteps": "dhfoDgvulfnTUtnIf"
              }
            }
          },
          "outputSelection": {
            "*": {
              "*": [
                "abi",
                "evm.bytecode",
                "evm.deployedBytecode",
                "evm.methodIdentifiers",
                "metadata"
              ],
              "": [
                "ast"
              ]
            }
          }
        }
      },
      "imports": [
        "../IERC721.sol"
      ],
      "versionPragmas": [
        "^0.8.0"
      ],
      "artifacts": [
        "IERC721Metadata"
      ]
    },
    "E:\\Project\\Punk smart contract\\node_modules\\@openzeppelin\\contracts\\utils\\Address.sol": {
      "lastModificationDate": 1644280747063,
      "contentHash": "4cff8b2ea0d958750786b4e3ca308445",
      "sourceName": "@openzeppelin/contracts/utils/Address.sol",
      "solcConfig": {
        "version": "0.8.7",
        "settings": {
          "optimizer": {
            "enabled": true,
            "runs": 200,
            "details": {
              "yul": true,
              "yulDetails": {
                "stackAllocation": true,
                "optimizerSteps": "dhfoDgvulfnTUtnIf"
              }
            }
          },
          "outputSelection": {
            "*": {
              "*": [
                "abi",
                "evm.bytecode",
                "evm.deployedBytecode",
                "evm.methodIdentifiers",
                "metadata"
              ],
              "": [
                "ast"
              ]
            }
          }
        }
      },
      "imports": [],
      "versionPragmas": [
        "^0.8.0"
      ],
      "artifacts": [
        "Address"
      ]
    },
    "E:\\Project\\Punk smart contract\\node_modules\\@openzeppelin\\contracts\\utils\\Strings.sol": {
      "lastModificationDate": 1644280747773,
      "contentHash": "9c54c6c065d9e590fdcdd72c451425b9",
      "sourceName": "@openzeppelin/contracts/utils/Strings.sol",
      "solcConfig": {
        "version": "0.8.7",
        "settings": {
          "optimizer": {
            "enabled": true,
            "runs": 200,
            "details": {
              "yul": true,
              "yulDetails": {
                "stackAllocation": true,
                "optimizerSteps": "dhfoDgvulfnTUtnIf"
              }
            }
          },
          "outputSelection": {
            "*": {
              "*": [
                "abi",
                "evm.bytecode",
                "evm.deployedBytecode",
                "evm.methodIdentifiers",
                "metadata"
              ],
              "": [
                "ast"
              ]
            }
          }
        }
      },
      "imports": [],
      "versionPragmas": [
        "^0.8.0"
      ],
      "artifacts": [
        "Strings"
      ]
    },
    "E:\\Project\\Punk smart contract\\node_modules\\@openzeppelin\\contracts\\utils\\introspection\\ERC165.sol": {
      "lastModificationDate": 1644280747182,
      "contentHash": "0e7db055ce108f9da7bb6686a00287c0",
      "sourceName": "@openzeppelin/contracts/utils/introspection/ERC165.sol",
      "solcConfig": {
        "version": "0.8.7",
        "settings": {
          "optimizer": {
            "enabled": true,
            "runs": 200,
            "details": {
              "yul": true,
              "yulDetails": {
                "stackAllocation": true,
                "optimizerSteps": "dhfoDgvulfnTUtnIf"
              }
            }
          },
          "outputSelection": {
            "*": {
              "*": [
                "abi",
                "evm.bytecode",
                "evm.deployedBytecode",
                "evm.methodIdentifiers",
                "metadata"
              ],
              "": [
                "ast"
              ]
            }
          }
        }
      },
      "imports": [
        "./IERC165.sol"
      ],
      "versionPragmas": [
        "^0.8.0"
      ],
      "artifacts": [
        "ERC165"
      ]
    },
    "E:\\Project\\Punk smart contract\\node_modules\\@openzeppelin\\contracts\\utils\\introspection\\IERC165.sol": {
      "lastModificationDate": 1644280747603,
      "contentHash": "03e6768535ac4da0e9756f1d8a4a018a",
      "sourceName": "@openzeppelin/contracts/utils/introspection/IERC165.sol",
      "solcConfig": {
        "version": "0.8.7",
        "settings": {
          "optimizer": {
            "enabled": true,
            "runs": 200,
            "details": {
              "yul": true,
              "yulDetails": {
                "stackAllocation": true,
                "optimizerSteps": "dhfoDgvulfnTUtnIf"
              }
            }
          },
          "outputSelection": {
            "*": {
              "*": [
                "abi",
                "evm.bytecode",
                "evm.deployedBytecode",
                "evm.methodIdentifiers",
                "metadata"
              ],
              "": [
                "ast"
              ]
            }
          }
        }
      },
      "imports": [],
      "versionPragmas": [
        "^0.8.0"
      ],
      "artifacts": [
        "IERC165"
      ]
    },
    "E:\\Project\\Punk smart contract\\node_modules\\@openzeppelin\\contracts\\token\\ERC721\\extensions\\ERC721Enumerable.sol": {
      "lastModificationDate": 1644280747310,
      "contentHash": "88095889e59d16821879a8083f906503",
      "sourceName": "@openzeppelin/contracts/token/ERC721/extensions/ERC721Enumerable.sol",
      "solcConfig": {
        "version": "0.8.7",
        "settings": {
          "optimizer": {
            "enabled": true,
            "runs": 200,
            "details": {
              "yul": true,
              "yulDetails": {
                "stackAllocation": true,
                "optimizerSteps": "dhfoDgvulfnTUtnIf"
              }
            }
          },
          "outputSelection": {
            "*": {
              "*": [
                "abi",
                "evm.bytecode",
                "evm.deployedBytecode",
                "evm.methodIdentifiers",
                "metadata"
              ],
              "": [
                "ast"
              ]
            }
          }
        }
      },
      "imports": [
        "../ERC721.sol",
        "./IERC721Enumerable.sol"
      ],
      "versionPragmas": [
        "^0.8.0"
      ],
      "artifacts": [
        "ERC721Enumerable"
      ]
    },
    "E:\\Project\\Punk smart contract\\node_modules\\@openzeppelin\\contracts\\token\\ERC721\\extensions\\IERC721Enumerable.sol": {
      "lastModificationDate": 1644280747661,
      "contentHash": "f69eb47f667b846a8698697d25eeff4e",
      "sourceName": "@openzeppelin/contracts/token/ERC721/extensions/IERC721Enumerable.sol",
      "solcConfig": {
        "version": "0.8.7",
        "settings": {
          "optimizer": {
            "enabled": true,
            "runs": 200,
            "details": {
              "yul": true,
              "yulDetails": {
                "stackAllocation": true,
                "optimizerSteps": "dhfoDgvulfnTUtnIf"
              }
            }
          },
          "outputSelection": {
            "*": {
              "*": [
                "abi",
                "evm.bytecode",
                "evm.deployedBytecode",
                "evm.methodIdentifiers",
                "metadata"
              ],
              "": [
                "ast"
              ]
            }
          }
        }
      },
      "imports": [
        "../IERC721.sol"
      ],
      "versionPragmas": [
        "^0.8.0"
      ],
      "artifacts": [
        "IERC721Enumerable"
      ]
    }
  }
}
